use xmate;
-- categories
SET FOREIGN_KEY_CHECKS=0;
INSERT INTO categories (id, name, slug, parent_id, is_active) VALUES
-- cấp gốc
(14, 'Nữ', 'nu', NULL, 1),
(24, 'Nam', 'nam', NULL, 1),

-- cấp 2
(9,  'Quần Nam', 'quan-nam', 24, 1),
(10, 'Áo Nam', 'ao-nam', 24, 1),
(12, 'Quần Lót Nam', 'quan-lot-nam', 24, 1),
(6,  'Phụ kiện', 'phu-kien-2', 24, 1),
(18, 'Phụ Kiện', 'phu-kien', 14, 1),
(16, 'Quần Nữ', 'quan-nu', 14, 1),
(5,  'Áo Nữ', 'ao-nu', 14, 1),
(2,  'Váy - Đầm', 'vay-am', 14, 1),

-- cấp 3 (con của cấp 2)
(1,  'Quần thể thao', 'quan-the-thao', 9, 1),
(7,  'Quần Short', 'quan-short', 9, 1),
(15, 'Quần Kaki nam', 'quan-kaki-nam', 9, 1),
(25, 'Áo thun', 'ao-thun', 10, 1),
(17, 'Áo polo', 'ao-polo', 10, 1),
(13, 'Khăn', 'khan', 6, 1),
(3,  'Tất', 'tat-2', 6, 1),
(20, 'Tất Nữ', 'tat', 18, 1),
(21, 'Găng Tay', 'gang-tay', 18, 1),
(23, 'Quần Legging', 'quan-legging', 16, 1),
(11, 'Váy Polo', 'vay-polo', 2, 1),
(22, 'Váy Ngắn', 'vay-ngan', 2, 1),
(8,  'Áo Spot Bra', 'ao-spot-bra', 5, 1),
(4,  'Áo Croptop', 'ao-crop-top', 5, 1),
(19, 'Boxer', 'boxer-2', 12, 1);


INSERT INTO products
(id, name, description, category_id, slug, status, created_at, updated_at, fit, gender, material) VALUES
(1, 'Áo thun nam Cotton', 'Áo thun nam Cotton Compact - Nền Tảng Tủ Đồ Bền Bỉ & Mềm Mại', 25, 'ao-thun-nam-cotton-2', 'ACTIVE', NOW(), NOW(), NULL, NULL, NULL),
(2, 'Áo Polo Nam Thể Thao ProMax', 'Áo Polo Nam Thể Thao ProMax-S1 - Nâng Tầm Vận Động', 17, 'ao-polo-nam-the-thao-promax', 'ACTIVE', NOW(), NOW(), NULL, NULL, NULL),
(3, 'Áo Bra Medium Support', 'Bra Chạy Bộ Phối Lưới Medium Support - Nâng Đỡ Hoàn Hảo, Tự Tin Vận Động\nMang lại sự nâng đỡ hoàn hảo và cảm giác an toàn tuyệt đối, Bra Chạy Bộ Phối Lưới Medium Support là "vũ khí bí mật" giúp các nàng tự tin trên mọi bước chạy. Sản phẩm là sự kết hợp thông minh giữa vải chính (89% Polyester, 11% Spandex) mềm mại, co giãn và vải phối Power Mesh (80% Nylon, 20% Spandex) thoáng khí. Công nghệ 4-Way Stretch (co giãn 4 chiều) cho phép bạn vận động linh hoạt, trong khi công nghệ Ex-Dry giúp thoát ẩm nhanh, giữ cho cơ thể luôn khô thoáng. Cảm nhận thực tế khi mặc là sự mềm mại, nhẹ nhàng, hoàn toàn không gây bí bách mà vẫn đảm bảo hỗ trợ tốt khi chạy bộ hoặc tập luyện cường độ cao', 8, 'ao-bra-medium-support', 'ACTIVE', NOW(), NOW(), NULL, NULL, NULL),
(4, 'Quần Dài Kaki Exc', 'Quần này được dệt từ chất liệu đột phá với tỷ lệ cân bằng 50% Polyester và 50% sợi Sorona. Sợi Sorona có nguồn gốc thực vật không chỉ thân thiện với môi trường mà còn mang đến những tính năng ưu việt: co giãn tự nhiên, đàn hồi giữ form, siêu nhẹ và đặc biệt là khả năng chống tia UV đến SPF 50+', 15, 'quan-dai-kaki-exc', 'ACTIVE', NOW(), NOW(), NULL, NULL, NULL),
(5, 'Áo Bra Ribbed', 'Bra Yoga Ribbed - Nâng Đỡ Dịu Dàng, Mềm Mại Trên Da\nBra Yoga Ribbed mang đến sự nâng đỡ nhẹ nhàng, là lựa chọn hoàn hảo cho những khi bạn cần sự tập trung và thoải mái tuyệt đối. Sản phẩm là sự kết hợp giữa 79% Nylon và 21% Spandex, ứng dụng công nghệ 4-Way Stretch cho khả năng co giãn 4 chiều linh hoạt. Điểm đặc biệt là công nghệ Double Peached Finish, tạo nên bề mặt vải mềm mại như nhung ở cả trong lẫn ngoài. Cấu trúc dệt Textured-Rib không chỉ giúp định hình form dáng tinh tế mà còn tăng cường khả năng thoát khí, giữ cho bạn luôn dễ chịu. Khi chạm vào, bạn sẽ cảm nhận ngay chất vải êm ái, nhẹ nhàng. Chiếc bra ôm vừa vặn cơ thể mà không gây bí nóng hay khó chịu, lý tưởng để mặc trong thời gian dài', 8, 'ao-bra-ribbed', 'ACTIVE', NOW(), NOW(), NULL, NULL, NULL),
(6, 'Áo Essential Cropped Tee', '', 4, 'ao-essential-cropped-tee', 'ACTIVE', NOW(), NOW(), NULL, NULL, NULL),
(7, 'Polo Promax Flexline', 'Áo Polo thể thao Promax Flexline Active, một thiết kế đột phá dành riêng cho những chàng trai yêu thích vận động.', 17, 'polo-promax-flexline-2', 'ACTIVE', NOW(), NOW(), NULL, NULL, NULL),
(8, 'Áo Bra CoolFlex', 'Áo Bra Cross CoolFlex Light Support - Nhẹ Nhàng Nâng Đỡ, Tinh Tế Từng Đường Nét\nNằm trong bộ sưu tập đồ tập yoga và quần áo tập pilates, Áo Bra Cross CoolFlex Light Support được thiết kế để mang lại cảm giác thoải mái tối đa và sự hỗ trợ nhẹ nhàng, là người bạn đồng hành lý tưởng cho các buổi tập yoga, pilates hay mặc hàng ngày. Chiếc áo tập yoga nữ này được dệt từ chất liệu vải chính gồm 69% Nylon và 31% Spandex, kết hợp cùng lớp lót 80% Nylon và 20% Spandex. Công nghệ vải CoolFlex độc quyền giúp bề mặt vải áo bra thể thao nữ siêu nhẹ, mềm mại và thoáng khí vượt trội, đồng thời giảm tích tụ nhiệt hiệu quả. Khi mặc, bạn sẽ cảm nhận ngay độ co giãn 4 chiều linh hoạt, ôm nhẹ theo đường cong cơ thể mà không gây gò bó, mang đến cảm giác tự do trong từng chuyển động và giữ form dáng bền đẹp.', 8, 'ao-bra-coolflex', 'ACTIVE', NOW(), NOW(), NULL, NULL, NULL),
(9, 'Polo Promax Flexline', 'Áo Polo thể thao Promax Flexline Active, một thiết kế đột phá dành riêng cho những chàng trai yêu thích vận động.', 17, 'polo-promax-flexline', 'ACTIVE', NOW(), NOW(), NULL, NULL, NULL),
(10, 'Áo Bra V-Neck CoolSoft', 'Bra Yoga V-Neck Coolsoft - Mềm Mại Tối Đa, Nâng Đỡ Dịu Dàng\nĐược tạo ra để nâng niu cơ thể trong từng chuyển động, Áo Bra Yoga V-Neck Coolsoft mang đến sự thoải mái tối đa cho các hoạt động nhẹ nhàng. Sản phẩm là sự kết hợp giữa 81% Nylon 66 bền bỉ và 19% Lycra, ứng dụng công nghệ Soft Touch và Double-sided Peach xử lý mềm mịn cả hai mặt vải, tạo cảm giác êm ái như nhung khi tiếp xúc trực tiếp với da. Công nghệ 4-Way Stretch mang đến độ co giãn 4 chiều vượt trội, giúp bra ôm sát theo từng đường nét cơ thể mà không gây gò bó. Cảm nhận thực tế là chất vải siêu mềm và mát lạnh trên da, vừa vặn hoàn hảo, mang lại cảm giác dễ chịu dù mặc trong thời gian dài.\n\nThiết Kế Cổ V Tinh Tế & Tối Giản\nLà chiếc áo bra thể thao nữ với thiết kế cổ V sâu tinh giản, không có chi tiết thừa, tôn lên vẻ đẹp tự nhiên một cách nhẹ nhàng và thanh lịch.', 8, 'ao-bra-v-neck-coolsoft', 'ACTIVE', NOW(), NOW(), NULL, NULL, NULL),
(11, 'Váy Pickleball', 'Váy Polo cho Nữ', 11, 'vay-pickleball', 'ACTIVE', NOW(), NOW(), NULL, NULL, NULL),
(12, 'Áo Bra T-Back', 'Bra Yoga T-Back Coolflex - Mềm Mịn, Nâng Đỡ Nhẹ Nhàng\nBra Yoga T-Back Coolflex được thiết kế để mang lại sự thoải mái không giới hạn, giúp bạn tập trung vào từng nhịp thở và chuyển động. Sản phẩm sử dụng chất liệu CoolFlex độc quyền, là sự kết hợp giữa 69% Nylon và 31% Spandex và công nghệ 4-Way Stretch co giãn 4 chiều, linh hoạt theo mọi động tác. Mặt trong được xử lý Back-Side Peached tạo nên bề mặt vải êm ái như lụa, nâng niu làn da. Cảm nhận thực tế khi mặc là sự nhẹ nhàng, co giãn hoàn hảo, chiếc bra bám vừa vặn vào cơ thể mà không hề gây khó chịu hay bí bách, cho phép bạn tự do vận động.', 8, 'ao-bra-t-back-coolflex-light', 'ACTIVE', NOW(), NOW(), NULL, NULL, NULL),
(13, 'Tất cổ ngắn', 'Pack 4 Tất Cổ Ngắn – Nền Tảng Thoáng Mát Cho Mỗi Bước Chân', 3, 'tat-co-ngan', 'ACTIVE', NOW(), NOW(), NULL, NULL, NULL),
(14, 'Shorts thể thao nam Promax', 'Shorts thể thao nam Promax FlexLine Active Tự Do Vận Động, Tối Ưu Hiệu Suất', 1, 'shorts-the-thao-nam-promax', 'ACTIVE', NOW(), NOW(), NULL, NULL, NULL),
(15, 'Tất Yoga & Pilates', '', 20, 'tat-yoga-pilates', 'ACTIVE', NOW(), NOW(), NULL, NULL, NULL),
(16, 'Tất Yoga & Pilates chống trượt', '', 3, 'tat-yoga-pilates-chong-truot', 'ACTIVE', NOW(), NOW(), NULL, NULL, NULL),
(17, 'Quần dài kaki ECC', 'Quần dài kaki ECC Pants từ Coolmate được thiết kế để mang đến trải nghiệm thoải mái tối đa và sự linh hoạt vượt trội cho mọi hoạt động của bạn và là item không thế thiếu trong tủ quần áo thu đông của bạn. Điểm cốt lõi tạo nên sự khác biệt của chiếc quần này là sự kết hợp thông minh của 58% Cotton, 29% Nylon (Polyamide) và 13% Spandex.', 15, 'quan-dai-kaki-ecc', 'ACTIVE', NOW(), NOW(), NULL, NULL, NULL),
(18, 'Tất thể thao nữ cổ trung', '', 20, 'tat-the-thao-nu-co-trung', 'ACTIVE', NOW(), NOW(), NULL, NULL, NULL),
(19, 'Áo thun nam Cotton', 'Áo thun nam Cotton Compact - Nền Tảng Tủ Đồ Bền Bỉ & Mềm Mại', 25, 'ao-thun-nam-cotton', 'ACTIVE', NOW(), NOW(), NULL, NULL, NULL),
(20, 'Áo Tee Ribbed', 'Áo Tee Ribbed - Tôn Dáng Tự Nhiên, Thoải Mái Vận Động\nÁo Tee Ribbed là sự kết hợp hoàn hảo giữa phong cách và hiệu suất, được thiết kế để trở thành người bạn đồng hành lý tưởng từ phòng tập đến những buổi dạo phố. Điểm đặc biệt của chiếc áo thun nữ nằm ở chất liệu vải gân nổi độc đáo, không chỉ mang lại vẻ ngoài thời trang mà còn giúp che khuyết điểm một cách tinh tế. Trái tim của mẫu áo nữ này là sự pha trộn giữa 79% Nylon và 21% vải spandex, tạo nên một chất liệu co giãn 4 chiều vượt trội, siêu nhẹ và mềm mại trên da. Áo thể thao nữ với bề mặt vải được chải nhẹ, tăng cường cảm giác mịn màng và êm ái, cho phép bạn tự do thực hiện mọi động tác từ yoga, pilates đến các bài tập cường độ cao mà không gặp bất kỳ sự cản trở nào.', 4, 'ao-tee-ribbed', 'ACTIVE', NOW(), NOW(), NULL, NULL, NULL),
(21, 'Quần Lót Brief', 'Combo 3 Quần Lót Nam Brief Boxer Bamboo - Ôm Dáng Tự Nhiên, Kháng Khuẩn Tối Ưu', 12, 'quan-lot-nam-boxer-brief', 'ACTIVE', NOW(), NOW(), NULL, NULL, NULL),
(22, 'Tất Nam Chạy Bộ Active', '', 3, 'tat-nam-chay-bo-active', 'ACTIVE', NOW(), NOW(), NULL, NULL, NULL),
(23, 'Quần Thể Thao Nam 7"', 'Quần Thể Thao Nam 7" Ultra Shorts - Khô Thoáng Vượt Trội, Tự Do Luyện Tập', 1, 'quan-the-thao-nam-7', 'ACTIVE', NOW(), NOW(), NULL, NULL, NULL),
(24, 'Áo Pickleball', 'Áo Tanktop nữ Pickleball Smash Shot - Thoải Mái Tối Đa, Tự Tin Bứt Phá\nÁo Tanktop nữ Pickleball Smash Shot được thiết kế để trở thành người bạn đồng hành lý tưởng trong bộ sưu tập quần áo pickleball của bạn, giúp bạn vận động thoải mái và bứt phá trong từng pha bóng. Áo singlet nữ này được dệt từ sự kết hợp giữa 84% Recycled Polyester bền vững và 16% Spandex, mang đến độ co giãn vượt trội, cho phép bạn thực hiện mọi cú smash mạnh mẽ. Công nghệ Ex-Dry tiên tiến được tích hợp giúp chiếc áo pickleball nữ thấm hút mồ hôi hiệu quả và khô nhanh tức thì, giữ cho cơ thể luôn mát mẻ, dễ chịu. Cảm giác khi mặc rất nhẹ và êm ái trên da, không gây hầm bí, giúp bạn hoàn toàn tập trung vào trận đấu mà vẫn giữ được form dáng chuẩn.', 4, 'ao-tanktop-nu-pickleball-smash-shot', 'ACTIVE', NOW(), NOW(), NULL, NULL, NULL),
(25, 'Áo Bra thể thao phối lưới', 'Áo Bra Chạy Bộ Medium Support - Giảm Sóc Hiệu Quả Và Thoáng Khí Tối Ưu\nTự tin bứt phá trong mọi buổi tập với Áo Bra chạy bộ phối lưới Medium Support, mẫu áo bra thể thao nữ không thể thiếu trong tủ quần áo chạy bộ nữ, được thiết kế để mang lại sự nâng đỡ vững chãi và cảm giác thoáng khí tối đa. Chiếc áo chạy bộ nữ này là sự kết hợp tinh tế giữa hai loại chất liệu cao cấp: vải chính với 89% Polyester và 11% Spandex siêu co giãn, cùng vải phối lưới từ 80% Nylon và 20% Spandex Power tăng cường khả năng thoát khí. Công nghệ Ex-Dry được ứng dụng giúp thấm hút mồ hôi tức thì, giữ cho làn da luôn khô ráo và thoải mái. Cảm giác khi mặc là sự mềm mại, ôm sát nhưng không hề gò bó, co giãn theo từng chuyển động và giữ form hoàn hảo, giúp bạn tập trung tuyệt đối vào mục tiêu.', 8, 'ao-bra-the-thao-phoi-luoi', 'ACTIVE', NOW(), NOW(), NULL, NULL, NULL),
(26, 'Quần Shorts Nam Mặc Nhà', '', 7, 'quan-shorts-nam-mac-nha', 'ACTIVE', NOW(), NOW(), NULL, NULL, NULL),
(27, 'Khăn Tập Gym', 'Khăn Tập Gym 100% Cotton - Thấm Hút Vượt Trội, Mềm Mại Trên Da', 13, 'khan-tap-gym', 'ACTIVE', NOW(), NOW(), NULL, NULL, NULL),
(28, 'Áo thun Pickleball', 'Áo thun Pickleball Driveshot Essentials - Tối ưu cho từng cú đánh', 25, 'ao-thun-pickleball', 'ACTIVE', NOW(), NOW(), NULL, NULL, NULL),
(29, 'Quần Chạy Bộ 2 lớp Fast & Free', 'Quần Shorts Chạy Bộ 2 lớp Fast & Free III - Tự do bứt phá, thân thiện môi trường', 1, 'quan-chay-bo-2-lop-fast-free', 'ACTIVE', NOW(), NOW(), NULL, NULL, NULL),
(30, 'Áo Tank Bra Aspire Ribbed', 'Áo Tank Bra Thể Thao Nữ Aspire Ribbed - Tiện Lợi, Thoải Mái Cả Ngày\nLà giải pháp “2 trong 1” hoàn hảo, Áo Tank Bra Aspire Ribbed kết hợp sự tiện lợi của một chiếc áo Bra nữ thể thao và phong cách của áo Tank Top, mang đến cho bạn sự thoải mái tuyệt đối. Sản phẩm được dệt từ chất liệu 79% Nylon và 21% Spandex, ứng dụng công nghệ 4-Way Stretch co giãn 4 chiều linh hoạt. Đặc biệt, mặt trong vải được xử lý bằng công nghệ Back-Side Peached, tạo nên một bề mặt êm ái như lụa, nâng niu làn da. Cảm nhận thực tế là chiếc áo ôm sát một cách nhẹ nhàng, dễ chịu, giúp bạn luôn tự tin và linh hoạt suốt cả ngày dài.\n\nDệt Rib Nổi & Cúp Ngực Cố Định\nÁo có kiểu dáng Tank Top kết hợp Bra bên trong thời thượng, kết hợp cùng thiết kế cổ vừa vặn mang lại vẻ ngoài thanh lịch và cảm giác an toàn, che chắn tốt.', 8, 'ao-tank-bra-aspire-ribbed', 'ACTIVE', NOW(), NOW(), NULL, NULL, NULL),
(31, 'Áo Crop top nữ Pickleball Dink Shot', 'Áo Crop top nữ Pickleball Dink Shot - Thoáng Mát Và Co Giãn Vượt Trội\nLà một mảnh ghép phong cách và không thể thiếu trong tủ quần áo pickleball của bạn, Áo Crop top nữ Pickleball Dink Shot là lựa chọn hoàn hảo để bạn tự tin làm chủ mọi trận đấu, mang đến sự thoải mái trong từng cú đánh. Mẫu áo pickleball nữ này là sự kết hợp tối ưu giữa 86% Recycled Polyester và 14% Spandex, không chỉ thân thiện với môi trường mà còn tạo nên bề mặt vải siêu nhẹ và co giãn 4 chiều linh hoạt. Đặc biệt, công nghệ Ex-Dry được tích hợp giúp áo croptop thấm hút mồ hôi gần như ngay lập tức và bay hơi nhanh chóng, giữ cho cơ thể luôn khô thoáng và mát mẻ. Khi chạm vào, bạn sẽ cảm nhận ngay chất vải mềm mại, không gây bí bách, giúp bạn hoàn toàn tập trung vào trận đấu mà vẫn giữ được form dáng chuẩn sau nhiều lần vận động.', 4, 'ao-crop-top-nu-pickleball-dink-shot', 'ACTIVE', NOW(), NOW(), NULL, NULL, NULL),
(32, 'Quần Legging 7/8 CoolFlex', 'Quần Legging 7/8 CoolFlex  là lựa chọn hoàn hảo cho những cô nàng yêu thích sự thoải mái và linh hoạt trong các hoạt động nhẹ nhàng hàng ngày. Với chất liệu vải chính 69% Nylon và 31% Spandex, kết hợp cùng vải lót 88% Polyester và 12% Spandex, chiếc quần này mang lại cảm giác mềm mại, co giãn 4 chiều và khả năng thoáng khí tuyệt vời. Công nghệ CoolFlex giúp vải luôn nhẹ nhàng, giảm tích tụ nhiệt, tạo cảm giác dễ chịu ngay cả khi bạn vận động.', 16, 'quan-legging-7-8-coolflex', 'ACTIVE', NOW(), NOW(), NULL, NULL, NULL),
(33, 'Croptop Vital Seamless', 'Croptop thể thao Vital Seamless - Hiệu Suất Tối Ưu, Tôn Dáng Hoàn Hảo\nNâng tầm trải nghiệm tập luyện của bạn với Croptop thể thao Vital Seamless, một mảnh ghép không thể thiếu trong bộ sưu tập quần áo vital seamless của phái đẹp. Được thiết kế như một chiếc áo croptop nữ hiệu suất cao, sản phẩm này ứng dụng công nghệ dệt seamless (không đường may) tiên tiến, giảm tối đa ma sát để bạn hoàn toàn tập trung vào từng chuyển động. Sự pha trộn chiến lược giữa 52% Nylon, 43% vải polyester và 5% vải spandex tạo nên một chất liệu co giãn bốn chiều, ôm sát cơ thể như lớp da thứ hai. Công nghệ Ex-Dry tích hợp giúp thấm hút mồ hôi và làm khô nhanh chóng, giữ cho bạn luôn cảm thấy thoáng mát và tự tin, biến đây thành lựa chọn ưu việt trong dòng áo nữ thể thao.\n\nThiết Kế Seamless Thông Minh Và Tôn Dáng\nMỗi chi tiết trên chiếc áo thể thao nữ này đều được tính toán kỹ lưỡng để hỗ trợ và tôn lên vóc dáng người mặc. Áo sở hữu phom dáng Tight fit, ôm sát nhưng vẫn đảm bảo sự thoải mái tuyệt đối.', 4, 'croptop-vital-seamless', 'ACTIVE', NOW(), NOW(), NULL, NULL, NULL),
(34, 'Combo 2 Quần Shorts', 'Combo 2 Quần Shorts Chạy Bộ Ultra Fast & Free II - Bứt Phá Giới Hạn', 1, 'combo-2-quan-shorts', 'ACTIVE', NOW(), NOW(), NULL, NULL, NULL),
(35, 'Bra Crossback Vital Seamless', 'Bra thể thao Crossback Vital Seamless - Nâng Đỡ Hoàn Hảo, Tự Tin Vận Động\nLà một item chủ đạo trong bộ sưu tập quần áo vital seamless, chiếc bra thể thao này là người bạn đồng hành lý tưởng cho mọi hoạt động, mang đến sự kết hợp hoàn hảo giữa hiệu suất và phong cách. Được thiết kế như một chiếc áo bra thể thao nữ chuyên dụng, mẫu áo nữ này là một phần không thể thiếu trong tủ đồ của bất kỳ cô gái năng động nào. Chất liệu vải cao cấp với 94% Nylon và 6% vải spandex tạo nên bề mặt mềm mại và khả năng co giãn 4 chiều vượt trội, ôm sát theo từng đường nét cơ thể. Đặc biệt, công nghệ Ex-Dry tiên tiến giúp thấm hút mồ hôi nhanh chóng, giữ cho làn da luôn khô thoáng và thoải mái ngay cả trong những buổi tập cường độ cao. Đây chính là lựa chọn nâng tầm trải nghiệm, biến mỗi buổi tập thành một hành trình tự tin và tràn đầy năng lượng, một mảnh ghép hoàn hảo cho bộ sưu tập đồ thể thao nữ của bạn.', 8, 'bra-crossback-vital-seamless', 'ACTIVE', NOW(), NOW(), NULL, NULL, NULL),
(36, 'Váy xếp li', 'Váy xếp li Pickleball Driveshot - Tự Tin & Phong Cách Trên Sân', 22, 'vay-xep-li', 'ACTIVE', NOW(), NOW(), NULL, NULL, NULL);

INSERT INTO product_variants
(id, product_id, sku, size, barcode, price, compare_at_price, cost, weight_gram, stock_policy, is_active, created_at, color)
VALUES
(1, 14, 'SKU-PV-14-XANH-M-1', 'M', '#0000FF', 154000.00, 184000.00, 104453.70, 597, 'DENY', TRUE, NOW(), 'Xanh dương'),
(2, 5, 'SKU-PV-5-NAU-MOCHA-M-2', 'M', '#795548', 372000.00, 392000.00, 225416.96, 567, 'DENY', TRUE, NOW(), 'Nâu'),
(3, 27, 'SKU-PV-27-XAM-M-3', 'M', '#808080', 470000.00, 490000.00, 301629.74, 215, 'DENY', TRUE, NOW(), 'Xám'),
(4, 26, 'SKU-PV-26-XANH-DUONG-L-4', 'L', '#0000FF', 195000.00, 245000.00, 135875.22, 331, 'DENY', TRUE, NOW(), 'Xanh dương'),
(5, 33, 'SKU-PV-33-HONG-S-5', 'S', '#FFC0CB', 188000.00, 208000.00, 127005.38, 284, 'DENY', TRUE, NOW(), 'Hồng'),
(6, 18, 'SKU-PV-18-DEN-M-6', 'M', '#000000', 162000.00, 212000.00, 112884.80, 501, 'DENY', TRUE, NOW(), 'Đen'),
(7, 20, 'SKU-PV-20-BE-EGRET-XS-7', 'XS', '#F5F5DC', 488000.00, 508000.00, 324825.07, 211, 'DENY', TRUE, NOW(), 'Be'),
(8, 6, 'SKU-PV-6-BE-NAU-S-8', 'S', '#F5F5DC', 361000.00, 381000.00, 246501.80, 415, 'DENY', TRUE, NOW(), 'Be'),
(9, 25, 'SKU-PV-25-TIM-PURPLE-HAZE-L-9', 'L', '#800080', 268000.00, 318000.00, 171359.13, 587, 'DENY', TRUE, NOW(), 'Tím'),
(10, 1, 'SKU-PV-1-DEN-XL-10', 'XL', '#000000', 267000.00, 287000.00, 181821.26, 230, 'DENY', TRUE, NOW(), 'Đen'),
(11, 30, 'SKU-PV-30-DEN-M-11', 'M', '#000000', 371000.00, 421000.00, 255027.00, 186, 'DENY', TRUE, NOW(), 'Đen'),
(12, 29, 'SKU-PV-29-DEN-FREE-12', 'Free', '#000000', 303000.00, 323000.00, 173479.88, 237, 'DENY', TRUE, NOW(), 'Đen'),
(13, 1, 'SKU-PV-1-XAM-L-13', 'L', '#808080', 229000.00, 259000.00, 137071.18, 145, 'DENY', TRUE, NOW(), 'Xám'),
(14, 15, 'SKU-PV-15-TRANG-L-14', 'L', '#FFFFFF', 189000.00, 219000.00, 132147.03, 591, 'DENY', TRUE, NOW(), 'Trắng'),
(15, 2, 'SKU-PV-2-XANH-XL-15', 'XL', '#0000FF', 337000.00, 357000.00, 219658.60, 509, 'DENY', TRUE, NOW(), 'Xanh dương'),
(16, 31, 'SKU-PV-31-XANH-NAVY-M-16', 'M', '#001F3F', 180000.00, 200000.00, 115904.81, 286, 'DENY', TRUE, NOW(), 'Xanh navy'),
(17, 6, 'SKU-PV-6-DEN-XL-17', 'XL', '#000000', 430000.00, 450000.00, 259996.52, 459, 'DENY', TRUE, NOW(), 'Đen'),
(18, 22, 'SKU-PV-22-XANH-PHOI-XAM-L-18', 'L', '#0000FF', 189000.00, 219000.00, 108626.38, 291, 'DENY', TRUE, NOW(), 'Xanh dương'),
(19, 9, 'SKU-PV-9-XANH-NAVY-S-19', 'S', '#001F3F', 232000.00, 262000.00, 132825.03, 166, 'DENY', TRUE, NOW(), 'Xanh navy'),
(20, 23, 'SKU-PV-23-XANH-S-20', 'S', '#0000FF', 485000.00, 515000.00, 331202.07, 547, 'DENY', TRUE, NOW(), 'Xanh dương'),
(21, 6, 'SKU-PV-6-CAM-HONG-CAMELIA-M-21', 'M', '#FFA500', 356000.00, 376000.00, 238010.21, 355, 'DENY', TRUE, NOW(), 'Cam'),
(22, 4, 'SKU-PV-4-XAM-DEN-S-22', 'S', '#808080', 243000.00, 263000.00, 147242.70, 210, 'DENY', TRUE, NOW(), 'Xám'),
(23, 14, 'SKU-PV-14-DEN-S-23', 'S', '#000000', 441000.00, 491000.00, 297022.98, 577, 'DENY', TRUE, NOW(), 'Đen'),
(24, 30, 'SKU-PV-30-BE-EGRET-FREE-24', 'Free', '#F5F5DC', 411000.00, 461000.00, 251790.88, 181, 'DENY', TRUE, NOW(), 'Be'),
(25, 35, 'SKU-PV-35-DEN-L-25', 'L', '#000000', 248000.00, 298000.00, 159512.83, 223, 'DENY', TRUE, NOW(), 'Đen'),
(26, 36, 'SKU-PV-36-TRANG-L-26', 'L', '#FFFFFF', 268000.00, 298000.00, 170228.13, 184, 'DENY', TRUE, NOW(), 'Trắng'),
(27, 24, 'SKU-PV-24-DEN-M-27', 'M', '#000000', 367000.00, 387000.00, 221886.01, 384, 'DENY', TRUE, NOW(), 'Đen'),
(28, 8, 'SKU-PV-8-DEN-L-28', 'L', '#000000', 183000.00, 203000.00, 110839.92, 482, 'DENY', TRUE, NOW(), 'Đen'),
(29, 3, 'SKU-PV-3-DEN-M-29', 'M', '#000000', 376000.00, 426000.00, 227593.85, 277, 'DENY', TRUE, NOW(), 'Đen'),
(30, 3, 'SKU-PV-3-CAM-HONG-L-30', 'L', '#FFA500', 308000.00, 358000.00, 192153.86, 145, 'DENY', TRUE, NOW(), 'Cam'),
(31, 3, 'SKU-PV-3-NAVY-M-31', 'M', '#001F3F', 261000.00, 291000.00, 148877.14, 121, 'DENY', TRUE, NOW(), 'Xanh navy'),
(32, 18, 'SKU-PV-18-TRANG-XS-32', 'XS', '#FFFFFF', 457000.00, 477000.00, 310505.06, 371, 'DENY', TRUE, NOW(), 'Trắng'),
(33, 16, 'SKU-PV-16-DEN-M-33', 'M', '#000000', 255000.00, 285000.00, 167996.25, 553, 'DENY', TRUE, NOW(), 'Đen'),
(34, 25, 'SKU-PV-25-DEN-S-34', 'S', '#000000', 303000.00, 333000.00, 202290.10, 140, 'DENY', TRUE, NOW(), 'Đen'),
(35, 10, 'SKU-PV-10-BE-ERGET-S-35', 'S', '#F5F5DC', 190000.00, 210000.00, 127800.35, 238, 'DENY', TRUE, NOW(), 'Be'),
(36, 19, 'SKU-PV-19-XAM-M-36', 'M', '#808080', 156000.00, 176000.00, 88459.80, 383, 'DENY', TRUE, NOW(), 'Xám'),
(37, 31, 'SKU-PV-31-DO-XL-37', 'XL', '#FF0000', 323000.00, 353000.00, 193122.43, 140, 'DENY', TRUE, NOW(), 'Đỏ'),
(38, 7, 'SKU-PV-7-XANH-NAVY-S-38', 'S', '#001F3F', 225000.00, 275000.00, 130711.20, 411, 'DENY', TRUE, NOW(), 'Xanh navy'),
(39, 12, 'SKU-PV-12-NAU-MOCHA-S-39', 'S', '#795548', 294000.00, 314000.00, 199461.93, 166, 'DENY', TRUE, NOW(), 'Nâu'),
(40, 28, 'SKU-PV-28-DEN-L-40', 'L', '#000000', 430000.00, 480000.00, 278895.59, 329, 'DENY', TRUE, NOW(), 'Đen'),
(41, 13, 'SKU-PV-13-TRANG-L-41', 'L', '#FFFFFF', 226000.00, 276000.00, 142321.90, 421, 'DENY', TRUE, NOW(), 'Trắng'),
(42, 20, 'SKU-PV-20-DEN-M-42', 'M', '#000000', 374000.00, 394000.00, 226555.25, 134, 'DENY', TRUE, NOW(), 'Đen'),
(43, 17, 'SKU-PV-17-DEN-M-43', 'M', '#000000', 425000.00, 475000.00, 271635.26, 283, 'DENY', TRUE, NOW(), 'Đen'),
(44, 19, 'SKU-PV-19-DEN-M-44', 'M', '#000000', 312000.00, 342000.00, 189827.57, 272, 'DENY', TRUE, NOW(), 'Đen'),
(45, 24, 'SKU-PV-24-TRANG-M-45', 'M', '#FFFFFF', 467000.00, 487000.00, 296796.65, 368, 'DENY', TRUE, NOW(), 'Trắng'),
(46, 33, 'SKU-PV-33-DEN-S-46', 'S', '#000000', 238000.00, 258000.00, 164460.68, 278, 'DENY', TRUE, NOW(), 'Đen'),
(47, 13, 'SKU-PV-13-DEN-L-47', 'L', '#000000', 384000.00, 414000.00, 238219.99, 336, 'DENY', TRUE, NOW(), 'Đen'),
(48, 16, 'SKU-PV-16-HONG-XL-48', 'XL', '#FFC0CB', 317000.00, 367000.00, 211656.50, 316, 'DENY', TRUE, NOW(), 'Hồng'),
(49, 12, 'SKU-PV-12-TIM-ICELANDIC-BLUE-FREE-49', 'Free', '#800080', 390000.00, 410000.00, 267154.89, 403, 'DENY', TRUE, NOW(), 'Tím'),
(50, 2, 'SKU-PV-2-TRANG-S-50', 'S', '#FFFFFF', 382000.00, 402000.00, 247379.84, 157, 'DENY', TRUE, NOW(), 'Trắng'),
(51, 12, 'SKU-PV-12-DEN-L-51', 'L', '#000000', 211000.00, 231000.00, 124445.26, 240, 'DENY', TRUE, NOW(), 'Đen'),
(52, 8, 'SKU-PV-8-BE-EGRET-FREE-52', 'Free', '#F5F5DC', 264000.00, 294000.00, 159856.84, 472, 'DENY', TRUE, NOW(), 'Be'),
(53, 15, 'SKU-PV-15-TIM-L-53', 'L', '#800080', 436000.00, 456000.00, 282354.25, 562, 'DENY', TRUE, NOW(), 'Tím'),
(54, 22, 'SKU-PV-22-XANH-LA-PHOI-DEN-M-54', 'M', '#008000', 411000.00, 461000.00, 282167.86, 308, 'DENY', TRUE, NOW(), 'Xanh lá'),
(55, 11, 'SKU-PV-11-TRANG-M-55', 'M', '#FFFFFF', 191000.00, 221000.00, 118388.22, 287, 'DENY', TRUE, NOW(), 'Trắng'),
(56, 24, 'SKU-PV-24-XANH-NAVY-M-56', 'M', '#001F3F', 366000.00, 416000.00, 208140.91, 231, 'DENY', TRUE, NOW(), 'Xanh navy'),
(57, 21, 'SKU-PV-21-TRANG-M-57', 'M', '#FFFFFF', 474000.00, 494000.00, 305429.97, 384, 'DENY', TRUE, NOW(), 'Trắng'),
(58, 23, 'SKU-PV-23-BE-NAU-XS-58', 'XS', '#F5F5DC', 394000.00, 424000.00, 257704.63, 223, 'DENY', TRUE, NOW(), 'Be'),
(59, 31, 'SKU-PV-31-TRANG-XS-59', 'XS', '#FFFFFF', 352000.00, 382000.00, 204971.51, 407, 'DENY', TRUE, NOW(), 'Trắng'),
(60, 5, 'SKU-PV-5-DEN-S-60', 'S', '#000000', 253000.00, 283000.00, 173998.78, 122, 'DENY', TRUE, NOW(), 'Đen'),
(61, 15, 'SKU-PV-15-HONG-S-61', 'S', '#FFC0CB', 447000.00, 467000.00, 267868.50, 185, 'DENY', TRUE, NOW(), 'Hồng'),
(62, 30, 'SKU-PV-30-NAU-MOCHA-M-62', 'M', '#795548', 163000.00, 183000.00, 100132.56, 591, 'DENY', TRUE, NOW(), 'Nâu'),
(63, 30, 'SKU-PV-30-CAM-FLAMINGO-XL-63', 'XL', '#FFA500', 476000.00, 526000.00, 308960.13, 345, 'DENY', TRUE, NOW(), 'Cam'),
(64, 15, 'SKU-PV-15-DEN-M-64', 'M', '#000000', 424000.00, 444000.00, 275069.45, 555, 'DENY', TRUE, NOW(), 'Đen'),
(65, 7, 'SKU-PV-7-DO-NAU-XL-65', 'XL', '#FF0000', 230000.00, 260000.00, 128138.93, 170, 'DENY', TRUE, NOW(), 'Đỏ'),
(66, 4, 'SKU-PV-4-XANH-DEN-M-66', 'M', '#0000FF', 310000.00, 340000.00, 204535.80, 364, 'DENY', TRUE, NOW(), 'Xanh dương'),
(67, 32, 'SKU-PV-32-DEN-FREE-67', 'Free', '#000000', 477000.00, 497000.00, 315259.10, 237, 'DENY', TRUE, NOW(), 'Đen'),
(68, 5, 'SKU-PV-5-BE-EGRET-L-68', 'L', '#F5F5DC', 228000.00, 278000.00, 125889.84, 201, 'DENY', TRUE, NOW(), 'Be'),
(69, 16, 'SKU-PV-16-TRANG-XL-69', 'XL', '#FFFFFF', 347000.00, 367000.00, 207089.49, 441, 'DENY', TRUE, NOW(), 'Trắng'),
(70, 20, 'SKU-PV-20-NAU-MOCHA-M-70', 'M', '#795548', 330000.00, 350000.00, 215689.80, 561, 'DENY', TRUE, NOW(), 'Nâu'),
(71, 6, 'SKU-PV-6-TRANG-XS-71', 'XS', '#FFFFFF', 492000.00, 522000.00, 307339.12, 430, 'DENY', TRUE, NOW(), 'Trắng'),
(72, 9, 'SKU-PV-9-DO-NAU-XL-72', 'XL', '#FF0000', 439000.00, 469000.00, 293895.94, 187, 'DENY', TRUE, NOW(), 'Đỏ'),
(73, 2, 'SKU-PV-2-DEN-M-73', 'M', '#000000', 154000.00, 184000.00, 102142.59, 238, 'DENY', TRUE, NOW(), 'Đen'),
(74, 29, 'SKU-PV-29-XANH-FREE-74', 'Free', '#0000FF', 264000.00, 314000.00, 165325.21, 371, 'DENY', TRUE, NOW(), 'Xanh dương'),
(75, 34, 'SKU-PV-34-DEN-XANH-XL-75', 'XL', '#000000', 453000.00, 473000.00, 309020.63, 283, 'DENY', TRUE, NOW(), 'Đen'),
(76, 21, 'SKU-PV-21-DEN-S-76', 'S', '#000000', 422000.00, 442000.00, 280247.58, 471, 'DENY', TRUE, NOW(), 'Đen'),
(77, 16, 'SKU-PV-16-XAM-XL-77', 'XL', '#808080', 213000.00, 243000.00, 119199.66, 457, 'DENY', TRUE, NOW(), 'Xám'),
(78, 11, 'SKU-PV-11-DEN-XS-78', 'XS', '#000000', 321000.00, 351000.00, 204845.95, 454, 'DENY', TRUE, NOW(), 'Đen'),
(79, 36, 'SKU-PV-36-DEN-XL-79', 'XL', '#000000', 442000.00, 472000.00, 266086.89, 320, 'DENY', TRUE, NOW(), 'Đen'),
(80, 28, 'SKU-PV-28-TRANG-L-80', 'L', '#FFFFFF', 450000.00, 480000.00, 277217.26, 281, 'DENY', TRUE, NOW(), 'Trắng'),
(81, 8, 'SKU-PV-8-TIM-ICELANDIC-BLUE-M-81', 'M', '#800080', 236000.00, 286000.00, 140064.03, 151, 'DENY', TRUE, NOW(), 'Tím'),
(82, 35, 'SKU-PV-35-HONG-S-82', 'S', '#FFC0CB', 249000.00, 299000.00, 146963.54, 556, 'DENY', TRUE, NOW(), 'Hồng'),
(83, 26, 'SKU-PV-26-TRANG-KE-DEN-XL-83', 'XL', '#FFFFFF', 173000.00, 193000.00, 119458.92, 587, 'DENY', TRUE, NOW(), 'Trắng'),
(84, 17, 'SKU-PV-17-BE-NAU-XL-84', 'XL', '#F5F5DC', 268000.00, 318000.00, 186273.01, 534, 'DENY', TRUE, NOW(), 'Be'),
(85, 10, 'SKU-PV-10-NAU-MOCHA-XS-85', 'XS', '#795548', 222000.00, 252000.00, 136231.67, 335, 'DENY', TRUE, NOW(), 'Nâu'),
(86, 34, 'SKU-PV-34-XAM-DEN-S-86', 'S', '#808080', 228000.00, 278000.00, 142842.94, 193, 'DENY', TRUE, NOW(), 'Xám');



INSERT INTO product_media (id, media_type, is_primary, sort_order, url, product_id, variant_id) VALUES
(1, 'IMAGE', b'1', 1, 'https://n7media.coolmate.me/uploads/September2025/quan-short-promax-flexline-1-55-xanh-aqua.jpg?aio=w-1100', 14, 1),
(2, 'IMAGE', b'1', 1, 'https://n7media.coolmate.me/uploads/March2025/bra-yoga-ribbed-127-nau-mocha-1_18.jpg?aio=w-1100', 5, 2),
(3, 'IMAGE', b'1', 1, 'https://n7media.coolmate.me/uploads/August2025/khan-tap-gym-coolmate-mau-xam-2.jpg?aio=w-1100', 27, 3),
(4, 'IMAGE', b'1', 1, 'https://n7media.coolmate.me/uploads/July2025/quan-short-nam-mac-nha-2-xanh-duong-7.jpg?aio=w-1100', 26, 4),
(5, 'IMAGE', b'1', 1, 'https://n7media.coolmate.me/uploads/September2025/ao-croptop-the-thao-co-gian-vital-seamless-20-hong_74.jpg?aio=w-1100', 33, 5),
(6, 'IMAGE', b'1', 1, 'https://n7media.coolmate.me/uploads/March2025/tat-nu-co-trung-the-thao-303-den.jpg?aio=w-1100', 18, 6),
(7, 'IMAGE', b'1', 1, 'https://n7media.coolmate.me/uploads/April2025/ao-tee-ribbed-712-be_100.jpg?aio=w-1100', 20, 7),
(8, 'IMAGE', b'1', 1, 'https://n7media.coolmate.me/uploads/March2025/ao-the-thao-nu-essential-cropped-tee-7111-be-nau-1_22.jpg?aio=w-1100', 6, 8),
(9, 'IMAGE', b'1', 1, 'https://n7media.coolmate.me/uploads/April2025/bra-chay-bo-phoi-luoi-medium-support-4931-tim_48.jpg?aio=w-1100', 25, 9),
(10, 'IMAGE', b'1', 1, 'https://n7media.coolmate.me/uploads/September2025/ao-thun-nam-cotton-compact-chong-nhan-den-2.jpg?aio=w-1100', 1, 10),
(11, 'IMAGE', b'1', 1, 'https://n7media.coolmate.me/uploads/March2025/ao-tank-bra-nu-the-thao-aspire-ribbed-116-den_89.jpg?aio=w-1100', 30, 11),
(12, 'IMAGE', b'1', 1, 'https://n7media.coolmate.me/uploads/September2025/quan-shorts-nam-chay-bo-2-lop-essentials-fast-free-run-v3-nhanh-kho-den-2.jpg?aio=w-1100', 29, 12),
(13, 'IMAGE', b'1', 1, 'https://n7media.coolmate.me/uploads/September2025/ao-thun-nam-cotton-compact-chong-nhan-xam-1.jpg?aio=w-1100', 1, 13),
(14, 'IMAGE', b'1', 1, 'https://n7media.coolmate.me/uploads/March2025/tat-yoga--pilates-grib-socks-519-trang_43.jpg?aio=w-1100', 15, 14),
(15, 'IMAGE', b'1', 1, 'https://n7media.coolmate.me/uploads/December2024/combo-03-ao-polo-the-thao-nam-promax-s1-logo-thoang-khi-mix-mau-1-4.jpeg?aio=w-1100', 2, 15),
(16, 'IMAGE', b'1', 1, 'https://n7media.coolmate.me/uploads/May2025/ao-croptop-pickleball-dink-shot-8934-navy.jpg?aio=w-1100', 31, 16),
(17, 'IMAGE', b'1', 1, 'https://n7media.coolmate.me/uploads/March2025/ao-the-thao-nu-essential-cropped-tee-92-den-1_98.jpg?aio=w-1100', 6, 17),
(18, 'IMAGE', b'1', 1, 'https://n7media.coolmate.me/uploads/September2025/tat-chay-bo-co-dai-coolmate-active1-xam-phoi-xanh-4.jpg?aio=w-1100', 22, 18),
(19, 'IMAGE', b'1', 1, 'https://n7media.coolmate.me/uploads/September2025/ao-polo-the-thao-promax-flexline-active-20-xanh_75.jpg?aio=w-1100', 9, 19),
(20, 'IMAGE', b'1', 1, 'https://n7media.coolmate.me/uploads/September2025/quan-the-thao-nam-7-ultra-short-xanh-forest-night-3.jpg?aio=w-1100', 23, 20),
(21, 'IMAGE', b'1', 1, 'https://n7media.coolmate.me/uploads/March2025/ao-the-thao-nu-essential-cropped-tee-56-cam-hong-camelia.jpg?aio=w-1100', 6, 21),
(22, 'IMAGE', b'1', 1, 'https://n7media.coolmate.me/uploads/December2024/quan-dai-nam-kaki-excool-xam-den_(3).jpg?aio=w-1100', 4, 22),
(23, 'IMAGE', b'1', 1, 'https://n7media.coolmate.me/uploads/May2025/quan-short-promax-flexline-Den_1.jpg?aio=w-1100', 14, 23),
(24, 'IMAGE', b'1', 1, 'https://n7media.coolmate.me/uploads/March2025/ao-tank-bra-nu-the-thao-aspire-ribbed-116-be_42.jpg?aio=w-1100', 30, 24),
(25, 'IMAGE', b'1', 1, 'https://n7media.coolmate.me/uploads/September2025/bra-crossback-the-thao-vital-seamless-1-_5-den.jpg?aio=w-1100', 35, 25),
(26, 'IMAGE', b'1', 1, 'https://n7media.coolmate.me/uploads/August2025/vay-xep-li-pickleball-drive-shot-6-trang.jpg?aio=w-1100', 36, 26),
(27, 'IMAGE', b'1', 1, 'https://n7media.coolmate.me/uploads/May2025/ao-tank-top-nu-pickleball-281-den_60.jpg?aio=w-1100', 24, 27),
(28, 'IMAGE', b'1', 1, 'https://n7media.coolmate.me/uploads/April2025/bra-yoga-crosscoolfex-light-support-2662-den-1_81.jpg?aio=w-1100', 8, 28),
(29, 'IMAGE', b'1', 1, 'https://n7media.coolmate.me/uploads/March2025/bra-chay-bo-medium-support-9-2D-den_67.jpg?aio=w-1100', 3, 29),
(30, 'IMAGE', b'1', 1, 'https://n7media.coolmate.me/uploads/April2025/bra-chay-bo-medium-support-138_9.jpg?aio=w-1100', 3, 30),
(31, 'IMAGE', b'1', 1, 'https://n7media.coolmate.me/uploads/April2025/bra-chay-bo-medium-support-211_45.jpg?aio=w-1100', 3, 31),
(32, 'IMAGE', b'1', 1, 'https://n7media.coolmate.me/uploads/March2025/tat-nu-co-trung-the-thao-292-trang.jpg?aio=w-1100', 18, 32),
(33, 'IMAGE', b'1', 1, 'https://n7media.coolmate.me/uploads/March2025/tat-yoga--pilates-chong-truot-co-trung-647-den.jpg?aio=w-1100', 16, 33),
(34, 'IMAGE', b'1', 1, 'https://n7media.coolmate.me/uploads/April2025/bra-chay-bo-phoi-luoi-medium-support-1872-den_58.jpg?aio=w-1100', 25, 34),
(35, 'IMAGE', b'1', 1, 'https://n7media.coolmate.me/uploads/March2025/bra-yoga-vneckcoolsoft-light-support-838-be-egret.jpg?aio=w-1100', 10, 35),
(36, 'IMAGE', b'1', 1, 'https://n7media.coolmate.me/uploads/September2025/ao-thun-nam-cotton-compact-chong-nhan-xam-1.jpg?aio=w-1100', 19, 36),
(37, 'IMAGE', b'1', 1, 'https://n7media.coolmate.me/uploads/May2025/ao-croptop-pickleball-dink-shot-5-do_30.jpg?aio=w-1100', 31, 37),
(38, 'IMAGE', b'1', 1, 'https://n7media.coolmate.me/uploads/September2025/ao-polo-the-thao-promax-flexline-active-20-xanh_75.jpg?aio=w-1100', 7, 38),
(39, 'IMAGE', b'1', 1, 'https://n7media.coolmate.me/uploads/March2025/bra-yoga-tback-coolfex-light-support-2362-nau-mocha.jpg?aio=w-1100', 12, 39),
(40, 'IMAGE', b'1', 1, 'https://n7media.coolmate.me/uploads/September2025/t-shirt-the-thao-nam-flexline-active-1-_1-den.jpg?aio=w-1100', 28, 40),
(41, 'IMAGE', b'1', 1, 'https://n7media.coolmate.me/uploads/July2025/pack-4-tat-co-ngan-_1-trang.jpg?aio=w-1100', 13, 41),
(42, 'IMAGE', b'1', 1, 'https://n7media.coolmate.me/uploads/April2025/ao-tee-ribbed-712-den_57.jpg?aio=w-1100', 20, 42),
(43, 'IMAGE', b'1', 1, 'https://n7media.coolmate.me/uploads/December2024/quan-dai-kaki-ecc-pants-den_(1).jpg?aio=w-1100', 17, 43),
(44, 'IMAGE', b'1', 1, 'https://n7media.coolmate.me/uploads/September2025/ao-thun-nam-cotton-compact-chong-nhan-den-2.jpg?aio=w-1100', 19, 44),
(45, 'IMAGE', b'1', 1, 'https://n7media.coolmate.me/uploads/May2025/ao-tank-top-nu-pickleball-8-trang_20.jpg?aio=w-1100', 24, 45),
(46, 'IMAGE', b'1', 1, 'https://n7media.coolmate.me/uploads/September2025/ao-croptop-the-thao-co-gian-vital-seamless-537-den.jpg?aio=w-1100', 33, 46),
(47, 'IMAGE', b'1', 1, 'https://n7media.coolmate.me/uploads/April2025/pack-4-tat-co-ngan-1-den_23_98.jpg?aio=w-1100', 13, 47),
(48, 'IMAGE', b'1', 1, 'https://n7media.coolmate.me/uploads/March2025/tat-yoga--pilates-chong-truot-co-trung-677-hong.jpg?aio=w-1100', 16, 48),
(49, 'IMAGE', b'1', 1, 'https://n7media.coolmate.me/uploads/March2025/bra-yoga-tback-coolfex-light-support-668_2-tim-icelandic-blue.jpg?aio=w-1100', 12, 49),
(50, 'IMAGE', b'1', 1, 'https://n7media.coolmate.me/uploads/December2024/combo-03-ao-polo-the-thao-nam-promax-s1-logo-thoang-khi-mix-mau-1-3.jpg?aio=w-1100', 2, 50),
(51, 'IMAGE', b'1', 1, 'https://n7media.coolmate.me/uploads/March2025/bra-yoga-tback-coolfex-light-support-25-den.jpg?aio=w-1100', 12, 51),
(52, 'IMAGE', b'1', 1, 'https://n7media.coolmate.me/uploads/April2025/bra-yoga-crosscoolfex-light-support-2928-be-egret-1_99.jpg?aio=w-1100', 8, 52),
(53, 'IMAGE', b'1', 1, 'https://n7media.coolmate.me/uploads/March2025/tat-yoga--pilates-grib-socks-375-tim.jpg?aio=w-1100', 15, 53),
(54, 'IMAGE', b'1', 1, 'https://n7media.coolmate.me/uploads/September2025/tat-chay-bo-co-dai-coolmate-active1-den-phoi-xanh-la-1.jpg?aio=w-1100', 22, 54),
(55, 'IMAGE', b'1', 1, 'https://n7media.coolmate.me/uploads/May2025/vay-polo-pickleball-dink-shot-3199_1-trang.jpg?aio=w-1100', 11, 55),
(56, 'IMAGE', b'1', 1, 'https://n7media.coolmate.me/uploads/May2025/ao-tank-top-nu-pickleball-81-navy_61.jpg?aio=w-1100', 24, 56),
(57, 'IMAGE', b'1', 1, 'https://n7media.coolmate.me/uploads/September2025/3-quan-lot-nam-brief-boxer-bamboo-khang-khuan-trang-1.jpg?aio=w-1100', 21, 57),
(58, 'IMAGE', b'1', 1, 'https://n7media.coolmate.me/uploads/September2025/quan-the-thao-nam-7-ultra-short-nau-chocolate-chip-4.jpg?aio=w-1100', 23, 58),
(59, 'IMAGE', b'1', 1, 'https://n7media.coolmate.me/uploads/May2025/ao-croptop-pickleball-dink-shot-6721-trang.jpg?aio=w-1100', 31, 59),
(60, 'IMAGE', b'1', 1, 'https://n7media.coolmate.me/uploads/March2025/bra-yoga-ribbed-076-den-1_30.jpg?aio=w-1100', 5, 60),
(61, 'IMAGE', b'1', 1, 'https://n7media.coolmate.me/uploads/March2025/tat-yoga--pilates-grib-socks-424-hong_34.jpg?aio=w-1100', 15, 61),
(62, 'IMAGE', b'1', 1, 'https://n7media.coolmate.me/uploads/March2025/ao-tank-bra-nu-the-thao-aspire-ribbed-117-nau_31.jpg?aio=w-1100', 30, 62),
(63, 'IMAGE', b'1', 1, 'https://n7media.coolmate.me/uploads/March2025/ao-tank-bra-nu-the-thao-aspire-ribbed-116-cam-hong_74.jpg?aio=w-1100', 30, 63),
(64, 'IMAGE', b'1', 1, 'https://n7media.coolmate.me/uploads/March2025/tat-yoga--pilates-grib-socks-466-den.jpg?aio=w-1100', 15, 64),
(65, 'IMAGE', b'1', 1, 'https://n7media.coolmate.me/uploads/September2025/ao-polo-the-thao-promax-flexline-active-10-do_56.jpg?aio=w-1100', 7, 65),
(66, 'IMAGE', b'1', 1, 'https://n7media.coolmate.me/uploads/December2024/quan-dai-nam-kaki-excool-xanh-navy_(5).jpg?aio=w-1100', 4, 66),
(67, 'IMAGE', b'1', 1, 'https://n7media.coolmate.me/uploads/March2025/legging-7-8-yoga-coolflex-light-support-2-den-1_43.jpg?aio=w-1100', 32, 67),
(68, 'IMAGE', b'1', 1, 'https://n7media.coolmate.me/uploads/March2025/bra-yoga-ribbed-220-be-egret-1_49.jpg?aio=w-1100', 5, 68),
(69, 'IMAGE', b'1', 1, 'https://n7media.coolmate.me/uploads/March2025/tat-yoga--pilates-chong-truot-co-trung-740-trang.jpg?aio=w-1100', 16, 69),
(70, 'IMAGE', b'1', 1, 'https://n7media.coolmate.me/uploads/April2025/ao-tee-ribbed-712-nau-mocha_73.jpg?aio=w-1100', 20, 70),
(71, 'IMAGE', b'1', 1, 'https://n7media.coolmate.me/uploads/March2025/ao-the-thao-nu-essential-cropped-tee-181-trang-1_91.jpg?aio=w-1100', 6, 71),
(72, 'IMAGE', b'1', 1, 'https://n7media.coolmate.me/uploads/September2025/ao-polo-the-thao-promax-flexline-active-10-do_56.jpg?aio=w-1100', 9, 72),
(73, 'IMAGE', b'1', 1, 'https://n7media.coolmate.me/uploads/December2024/combo-03-ao-polo-the-thao-nam-promax-s1-logo-thoang-khi-mix-mau-1-2.jpeg?aio=w-1100', 2, 73),
(74, 'IMAGE', b'1', 1, 'https://n7media.coolmate.me/uploads/September2025/quan-shorts-nam-chay-bo-2-lop-essentials-fast-free-run-v3-nhanh-kho-xanh-mosaic-2.jpg?aio=w-1100', 29, 74),
(75, 'IMAGE', b'1', 1, 'https://n7media.coolmate.me/uploads/September2025/combo-2-quan-shorts-nam-chay-bo-ultra-fast-free-run-ii-exdry-nhanh-kho-mix-mau-1-1.jpg?aio=w-1100', 34, 75),
(76, 'IMAGE', b'1', 1, 'https://n7media.coolmate.me/uploads/September2025/3-quan-lot-nam-brief-boxer-bamboo-khang-khuan-xanh-navy-1.jpg?aio=w-1100', 21, 76),
(77, 'IMAGE', b'1', 1, 'https://n7media.coolmate.me/uploads/March2025/tat-yoga--pilates-chong-truot-co-trung-575-xam.jpg?aio=w-1100', 16, 77),
(78, 'IMAGE', b'1', 1, 'https://n7media.coolmate.me/uploads/May2025/vay-polo-pickleball-dink-shot-4279-den_13.jpg?aio=w-1100', 11, 78),
(79, 'IMAGE', b'1', 1, 'https://n7media.coolmate.me/uploads/June2025/vay-xep-li-pickleball-drive-shot-5-den_77.jpg?aio=w-1100', 36, 79),
(80, 'IMAGE', b'1', 1, 'https://n7media.coolmate.me/uploads/August2025/ao-tshirt-pickleball-driveshot-_3-trang-phoi-xanhla.jpg?aio=w-1100', 28, 80),
(81, 'IMAGE', b'1', 1, 'https://n7media.coolmate.me/uploads/April2025/bra-yoga-crosscoolfex-light-support-265-tim-icelandic-blue-1_12.jpg?aio=w-1100', 8, 81),
(82, 'IMAGE', b'1', 1, 'https://n7media.coolmate.me/uploads/September2025/bra-crossback-the-thao-vital-seamless-1-4370-hong.jpg?aio=w-1100', 35, 82),
(83, 'IMAGE', b'1', 1, 'https://n7media.coolmate.me/uploads/July2025/quan-short-nam-mac-nha-2-trang-ke-den.jpg?aio=w-1100', 26, 83),
(84, 'IMAGE', b'1', 1, 'https://n7media.coolmate.me/uploads/December2024/quan-dai-kaki-ecc-pants-xanh-reu_(1).jpg?aio=w-1100', 17, 84),
(85, 'IMAGE', b'1', 1, 'https://n7media.coolmate.me/uploads/March2025/bra-yoga-vneckcoolsoft-light-support-265-nau-mocha.jpg?aio=w-1100', 10, 85),
(86, 'IMAGE', b'1', 1, 'https://n7media.coolmate.me/uploads/September2025/combo-2-quan-shorts-nam-chay-bo-ultra-fast-free-run-ii-exdry-nhanh-kho-mix-mau-3-1.jpg?aio=w-1100', 34, 86);

INSERT INTO inventory (variant_id, qty_on_hand, qty_reserved, updated_at) VALUES
(1, 15, 4, NOW()),
(2, 32, 6, NOW()),
(3, 10, 2, NOW()),
(4, 26, 5, NOW()),
(5, 40, 12, NOW()),
(6, 8, 1, NOW()),
(7, 22, 7, NOW()),
(8, 13, 3, NOW()),
(9, 5, 0, NOW()),
(10, 17, 4, NOW()),
(11, 9, 2, NOW()),
(12, 36, 9, NOW()),
(13, 14, 3, NOW()),
(14, 19, 5, NOW()),
(15, 28, 6, NOW()),
(16, 7, 1, NOW()),
(17, 23, 8, NOW()),
(18, 11, 2, NOW()),
(19, 33, 10, NOW()),
(20, 18, 3, NOW()),
(21, 25, 6, NOW()),
(22, 12, 1, NOW()),
(23, 29, 9, NOW()),
(24, 16, 4, NOW()),
(25, 21, 5, NOW()),
(26, 30, 10, NOW()),
(27, 24, 7, NOW()),
(28, 6, 1, NOW()),
(29, 38, 11, NOW()),
(30, 20, 5, NOW()),
(31, 27, 8, NOW()),
(32, 31, 9, NOW()),
(33, 15, 2, NOW()),
(34, 19, 4, NOW()),
(35, 35, 10, NOW()),
(36, 14, 2, NOW()),
(37, 12, 3, NOW()),
(38, 26, 7, NOW()),
(39, 9, 1, NOW()),
(40, 22, 6, NOW()),
(41, 30, 9, NOW()),
(42, 10, 2, NOW()),
(43, 17, 5, NOW()),
(44, 28, 8, NOW()),
(45, 16, 3, NOW()),
(46, 11, 2, NOW()),
(47, 20, 6, NOW()),
(48, 25, 7, NOW()),
(49, 8, 0, NOW()),
(50, 13, 3, NOW()),
(51, 19, 4, NOW()),
(52, 32, 8, NOW()),
(53, 21, 5, NOW()),
(54, 37, 11, NOW()),
(55, 9, 1, NOW()),
(56, 14, 3, NOW()),
(57, 24, 6, NOW()),
(58, 33, 9, NOW()),
(59, 12, 2, NOW()),
(60, 18, 5, NOW()),
(61, 29, 8, NOW()),
(62, 7, 1, NOW()),
(63, 27, 9, NOW()),
(64, 20, 3, NOW()),
(65, 11, 1, NOW()),
(66, 36, 10, NOW()),
(67, 10, 2, NOW()),
(68, 15, 3, NOW()),
(69, 22, 5, NOW()),
(70, 31, 9, NOW()),
(71, 13, 2, NOW()),
(72, 23, 6, NOW()),
(73, 28, 7, NOW()),
(74, 17, 4, NOW()),
(75, 26, 8, NOW()),
(76, 8, 0, NOW()),
(77, 35, 10, NOW()),
(78, 14, 2, NOW()),
(79, 20, 5, NOW()),
(80, 12, 1, NOW()),
(81, 33, 9, NOW()),
(82, 16, 3, NOW()),
(83, 24, 6, NOW()),
(84, 18, 4, NOW()),
(85, 29, 8, NOW()),
(86, 9, 1, NOW());
